code,character,code_length
&CounterClockwiseContourIntegral;,âˆ³,33
&DoubleLongLeftRightArrow;,âŸº,26
&ClockwiseContourIntegral;,âˆ²,26
&NotNestedGreaterGreater;,âª¢Ì¸,25
&NotSquareSupersetEqual;,â‹£,24
&DiacriticalDoubleAcute;,Ë,24
&NotPrecedesSlantEqual;,â‹ ,23
&FilledVerySmallSquare;,â–ª,23
&NegativeVeryThinSpace;,â€‹,23
&NotSucceedsSlantEqual;,â‹¡,23
&DoubleContourIntegral;,âˆ¯,23
&CloseCurlyDoubleQuote;,â€,23
&NotRightTriangleEqual;,â‹­,23
&OpenCurlyDoubleQuote;,â€œ,22
&NotLeftTriangleEqual;,â‹¬,22
&DoubleLeftRightArrow;,â‡”,22
&NotGreaterSlantEqual;,â©¾Ì¸,22
&NestedGreaterGreater;,â‰«,22
&CapitalDifferentialD;,â……,22
&NotDoubleVerticalBar;,âˆ¦,22
&DoubleLongRightArrow;,âŸ¹,22
&EmptyVerySmallSquare;,â–«,22
&NotSquareSubsetEqual;,â‹¢,22
&ReverseUpEquilibrium;,â¥¯,22
&NotRightTriangleBar;,â§Ì¸,21
&DoubleLongLeftArrow;,âŸ¸,21
&NotGreaterFullEqual;,â‰§Ì¸,21
&SquareSupersetEqual;,âŠ’,21
&leftrightsquigarrow;,â†­,21
&NegativeMediumSpace;,â€‹,21
&LeftArrowRightArrow;,â‡†,21
&DownLeftRightVector;,â¥,21
&RightArrowLeftArrow;,â‡„,21
&DownRightTeeVector;,â¥Ÿ,20
&NotLeftTriangleBar;,â§Ì¸,20
&RightTriangleEqual;,âŠµ,20
&ReverseEquilibrium;,â‡‹,20
&RightDownVectorBar;,â¥•,20
&RightDownTeeVector;,â¥,20
&RightDoubleBracket;,âŸ§,20
&PrecedesSlantEqual;,â‰¼,20
&DownRightVectorBar;,â¥—,20
&blacktriangleright;,â–¸,20
&longleftrightarrow;,âŸ·,20
&SucceedsSlantEqual;,â‰½,20
&SquareIntersection;,âŠ“,20
&NegativeThickSpace;,â€‹,20
&Longleftrightarrow;,âŸº,20
&LongLeftRightArrow;,âŸ·,20
&LeftTriangleEqual;,âŠ´,19
&VerticalSeparator;,â˜,19
&twoheadrightarrow;,â† ,19
&NotLessSlantEqual;,â©½Ì¸,19
&RightUpDownVector;,â¥,19
&NotReverseElement;,âˆŒ,19
&NotNestedLessLess;,âª¡Ì¸,19
&blacktriangleleft;,â—‚,19
&GreaterSlantEqual;,â©¾,19
&DownLeftVectorBar;,â¥–,19
&NotSquareSuperset;,âŠÌ¸,19
&LeftDoubleBracket;,âŸ¦,19
&LeftDownTeeVector;,â¥¡,19
&DownLeftTeeVector;,â¥,19
&DoubleUpDownArrow;,â‡•,19
&DoubleVerticalBar;,âˆ¥,19
&RightAngleBracket;,âŸ©,19
&leftrightharpoons;,â‡‹,19
&blacktriangledown;,â–¾,19
&NotGreaterGreater;,â‰«Ì¸,19
&rightleftharpoons;,â‡Œ,19
&FilledSmallSquare;,â—¼,19
&SquareSubsetEqual;,âŠ‘,19
&NegativeThinSpace;,â€‹,19
&LeftDownVectorBar;,â¥™,19
&NotTildeFullEqual;,â‰‡,19
&LessEqualGreater;,â‹š,18
&twoheadleftarrow;,â†,18
&vartriangleright;,âŠ³,18
&GreaterFullEqual;,â‰§,18
&rightrightarrows;,â‡‰,18
&LeftAngleBracket;,âŸ¨,18
&NotSucceedsEqual;,âª°Ì¸,18
&downharpoonright;,â‡‚,18
&DiacriticalGrave;,`,18
&EmptySmallSquare;,â—»,18
&UnderParenthesis;,â,18
&circlearrowright;,â†»,18
&DoubleRightArrow;,â‡’,18
&NotSupersetEqual;,âŠ‰,18
&NonBreakingSpace;,Â ,18
&DiacriticalTilde;,Ëœ,18
&rightharpoondown;,â‡,18
&NotSucceedsTilde;,â‰¿Ì¸,18
&RightUpTeeVector;,â¥œ,18
&DiacriticalAcute;,Â´,18
&ntrianglerighteq;,â‹­,18
&NotRightTriangle;,â‹«,18
&LeftUpDownVector;,â¥‘,18
&GreaterEqualLess;,â‹›,18
&NotPrecedesEqual;,âª¯Ì¸,18
&RightUpVectorBar;,â¥”,18
&UpArrowDownArrow;,â‡…,18
&RightTriangleBar;,â§,18
&DownArrowUpArrow;,â‡µ,18
&LeftUpVectorBar;,â¥˜,17
&bigtriangledown;,â–½,17
&LeftRightVector;,â¥,17
&nleftrightarrow;,â†®,17
&nLeftrightarrow;,â‡,17
&DownRightVector;,â‡,17
&LeftTriangleBar;,â§,17
&curvearrowright;,â†·,17
&OverParenthesis;,âœ,17
&LeftUpTeeVector;,â¥ ,17
&UpperRightArrow;,â†—,17
&vartriangleleft;,âŠ²,17
&ntrianglelefteq;,â‹¬,17
&NotLeftTriangle;,â‹ª,17
&rightthreetimes;,â‹Œ,17
&ContourIntegral;,âˆ®,17
&LowerRightArrow;,â†˜,17
&trianglerighteq;,âŠµ,17
&NotSquareSubset;,âŠÌ¸,17
&leftrightarrows;,â‡†,17
&NotHumpDownHump;,â‰Ì¸,17
&NotGreaterTilde;,â‰µ,17
&CloseCurlyQuote;,â€™,17
&rightsquigarrow;,â†,17
&RightDownVector;,â‡‚,17
&ShortRightArrow;,â†’,17
&rightleftarrows;,â‡„,17
&DoubleDownArrow;,â‡“,17
&DoubleLeftArrow;,â‡,17
&straightepsilon;,Ïµ,17
&leftharpoondown;,â†½,17
&downharpoonleft;,â‡ƒ,17
&circlearrowleft;,â†º,17
&NotGreaterEqual;,â‰±,17
&NotGreaterLess;,â‰¹,16
&InvisibleTimes;,â¢,16
&upharpoonright;,â†¾,16
&curvearrowleft;,â†¶,16
&NotVerticalBar;,âˆ¤,16
&LeftDownVector;,â‡ƒ,16
&NotLessGreater;,â‰¸,16
&InvisibleComma;,â£,16
&LowerLeftArrow;,â†™,16
&Longrightarrow;,âŸ¹,16
&NotSubsetEqual;,âŠˆ,16
&OpenCurlyQuote;,â€˜,16
&LongRightArrow;,âŸ¶,16
&HorizontalLine;,â”€,16
&GreaterGreater;,âª¢,16
&LessSlantEqual;,â©½,16
&nshortparallel;,âˆ¦,16
&LeftRightArrow;,â†”,16
&NestedLessLess;,â‰ª,16
&Leftrightarrow;,â‡”,16
&UpperLeftArrow;,â†–,16
&rightarrowtail;,â†£,16
&RightVectorBar;,â¥“,16
&doublebarwedge;,âŒ†,16
&hookrightarrow;,â†ª,16
&ReverseElement;,âˆ‹,16
&looparrowright;,â†¬,16
&RightTeeVector;,â¥›,16
&leftthreetimes;,â‹‹,16
&DoubleRightTee;,âŠ¨,16
&ntriangleright;,â‹«,16
&ZeroWidthSpace;,â€‹,16
&DownLeftVector;,â†½,16
&downdownarrows;,â‡Š,16
&DiacriticalDot;,Ë™,16
&longrightarrow;,âŸ¶,16
&leftrightarrow;,â†”,16
&trianglelefteq;,âŠ´,16
&rightharpoonup;,â‡€,16
&ShortDownArrow;,â†“,16
&ShortLeftArrow;,â†,16
&SquareSuperset;,âŠ,16
&leftleftarrows;,â‡‡,16
&TildeFullEqual;,â‰…,16
&RightTriangle;,âŠ³,15
&RightUpVector;,â†¾,15
&varsubsetneqq;,â«‹ï¸€,15
&varsupsetneqq;,â«Œï¸€,15
&VerticalTilde;,â‰€,15
&leftharpoonup;,â†¼,15
&fallingdotseq;,â‰’,15
&LongLeftArrow;,âŸµ,15
&measuredangle;,âˆ¡,15
&Longleftarrow;,âŸ¸,15
&hookleftarrow;,â†©,15
&shortparallel;,âˆ¥,15
&SucceedsTilde;,â‰¿,15
&triangleright;,â–¹,15
&SucceedsEqual;,âª°,15
&upharpoonleft;,â†¿,15
&NotEqualTilde;,â‰‚Ì¸,15
&SupersetEqual;,âŠ‡,15
&DifferentialD;,â…†,15
&RightTeeArrow;,â†¦,15
&LeftTeeVector;,â¥š,15
&longleftarrow;,âŸµ,15
&bigtriangleup;,â–³,15
&Poincareplane;,â„Œ,15
&PrecedesEqual;,âª¯,15
&PrecedesTilde;,â‰¾,15
&leftarrowtail;,â†¢,15
&divideontimes;,â‹‡,15
&NotTildeTilde;,â‰‰,15
&looparrowleft;,â†«,15
&NotTildeEqual;,â‰„,15
&blacktriangle;,â–´,15
&ApplyFunction;,â¡,15
&LeftVectorBar;,â¥’,15
&smallsetminus;,âˆ–,15
&VeryThinSpace;,â€Š,15
&ntriangleleft;,â‹ª,15
&UpEquilibrium;,â¥®,15
&RightArrowBar;,â‡¥,15
&LessFullEqual;,â‰¦,15
&DoubleUpArrow;,â‡‘,15
&DoubleLeftTee;,â«¤,15
&LeftTeeArrow;,â†¤,14
&LeftTriangle;,âŠ²,14
&exponentiale;,â…‡,14
&LeftUpVector;,â†¿,14
&UnderBracket;,âµ,14
&triangledown;,â–¿,14
&LeftArrowBar;,â‡¤,14
&SquareSubset;,âŠ,14
&ExponentialE;,â…‡,14
&NotHumpEqual;,â‰Ì¸,14
&DownArrowBar;,â¤“,14
&HilbertSpace;,â„‹,14
&risingdotseq;,â‰“,14
&HumpDownHump;,â‰,14
&varsupsetneq;,âŠ‹ï¸€,14
&GreaterTilde;,â‰³,14
&varsubsetneq;,âŠŠï¸€,14
&NotLessTilde;,â‰´,14
&DownTeeArrow;,â†§,14
&RoundImplies;,â¥°,14
&NotLessEqual;,â‰°,14
&GreaterEqual;,â‰¥,14
&RightCeiling;,âŒ‰,14
&Intersection;,â‹‚,14
&VerticalLine;,|,14
&Proportional;,âˆ,14
&blacklozenge;,â§«,14
&triangleleft;,â—ƒ,14
&ShortUpArrow;,â†‘,14
&NotCongruent;,â‰¢,14
&nRightarrow;,â‡,13
&NotSuperset;,âŠƒâƒ’,13
&UpDownArrow;,â†•,13
&precnapprox;,âª¹,13
&preccurlyeq;,â‰¼,13
&eqslantless;,âª•,13
&Updownarrow;,â‡•,13
&OverBracket;,â´,13
&NotSucceeds;,âŠ,13
&curlyeqsucc;,â‹Ÿ,13
&NotPrecedes;,âŠ€,13
&curlyeqprec;,â‹,13
&expectation;,â„°,13
&NotLessLess;,â‰ªÌ¸,13
&Rrightarrow;,â‡›,13
&RuleDelayed;,â§´,13
&thickapprox;,â‰ˆ,13
&SubsetEqual;,âŠ†,13
&MediumSpace;,âŸ,13
&VerticalBar;,âˆ£,13
&updownarrow;,â†•,13
&diamondsuit;,â™¦,13
&SquareUnion;,âŠ”,13
&SmallCircle;,âˆ˜,13
&RightVector;,â‡€,13
&LessGreater;,â‰¶,13
&CircleTimes;,âŠ—,13
&circledcirc;,âŠš,13
&CircleMinus;,âŠ–,13
&quaternions;,â„,13
&succnapprox;,âªº,13
&GreaterLess;,â‰·,13
&Equilibrium;,â‡Œ,13
&succcurlyeq;,â‰½,13
&backepsilon;,Ï¶,13
&circleddash;,âŠ,13
&blacksquare;,â–ª,13
&straightphi;,Ï•,13
&nrightarrow;,â†›,13
&LeftCeiling;,âŒˆ,13
&NotGreater;,â‰¯,12
&lmoustache;,â°,12
&ThickSpace;,âŸâ€Š,12
&subsetneqq;,â«‹,12
&ImaginaryI;,â…ˆ,12
&curlywedge;,â‹,12
&precapprox;,âª·,12
&Bernoullis;,â„¬,12
&varnothing;,âˆ…,12
&eqslantgtr;,âª–,12
&mapstoleft;,â†¤,12
&varepsilon;,Ïµ,12
&lesseqqgtr;,âª‹,12
&Rightarrow;,â‡’,12
&CirclePlus;,âŠ•,12
&nleftarrow;,â†š,12
&succapprox;,âª¸,12
&TildeEqual;,â‰ƒ,12
&Fouriertrf;,â„±,12
&NotElement;,âˆ‰,12
&gtreqqless;,âªŒ,12
&TildeTilde;,â‰ˆ,12
&rightarrow;,â†’,12
&circledast;,âŠ›,12
&nsupseteqq;,â«†Ì¸,12
&rmoustache;,â±,12
&sqsubseteq;,âŠ‘,12
&RightArrow;,â†’,12
&UnderBrace;,âŸ,12
&Lleftarrow;,â‡š,12
&mapstodown;,â†§,12
&Laplacetrf;,â„’,12
&Proportion;,âˆ·,12
&UpArrowBar;,â¤’,12
&longmapsto;,âŸ¼,12
&upuparrows;,â‡ˆ,12
&sqsupseteq;,âŠ’,12
&UpTeeArrow;,â†¥,12
&RightFloor;,âŒ‹,12
&LeftVector;,â†¼,12
&EqualTilde;,â‰‚,12
&lessapprox;,âª…,12
&complement;,âˆ,12
&nsubseteqq;,â«…Ì¸,12
&nLeftarrow;,â‡,12
&supsetneqq;,â«Œ,12
&therefore;,âˆ´,11
&checkmark;,âœ“,11
&CircleDot;,âŠ™,11
&triangleq;,â‰œ,11
&CenterDot;,Â·,11
&complexes;,â„‚,11
&Leftarrow;,â‡,11
&bigotimes;,â¨‚,11
&Congruent;,â‰¡,11
&gvertneqq;,â‰©ï¸€,11
&ngeqslant;,â©¾Ì¸,11
&nsupseteq;,âŠ‰,11
&Downarrow;,â‡“,11
&DownBreve;,Ì‘,11
&DownArrow;,â†“,11
&DoubleDot;,Â¨,11
&PlusMinus;,Â±,11
&pitchfork;,â‹”,11
&nsubseteq;,âŠˆ,11
&OverBrace;,â,11
&supsetneq;,âŠ‹,11
&supseteqq;,â«†,11
&gtrapprox;,âª†,11
&lvertneqq;,â‰¨ï¸€,11
&gtreqless;,â‹›,11
&Coproduct;,âˆ,11
&nleqslant;,â©½Ì¸,11
&NotSubset;,âŠ‚âƒ’,11
&centerdot;,Â·,11
&NotExists;,âˆ„,11
&varpropto;,âˆ,11
&nparallel;,âˆ¦,11
&dotsquare;,âŠ¡,11
&ThinSpace;,â€‰,11
&downarrow;,â†“,11
&rationals;,â„š,11
&Mellintrf;,â„³,11
&backsimeq;,â‹,11
&Therefore;,âˆ´,11
&lesseqgtr;,â‹š,11
&Backslash;,âˆ–,11
&NotCupCap;,â‰­,11
&MinusPlus;,âˆ“,11
&leftarrow;,â†,11
&LessTilde;,â‰²,11
&TripleDot;,âƒ›,11
&LeftArrow;,â†,11
&UnionPlus;,âŠ,11
&HumpEqual;,â‰,11
&LeftFloor;,âŒŠ,11
&spadesuit;,â™ ,11
&subsetneq;,âŠŠ,11
&heartsuit;,â™¥,11
&nshortmid;,âˆ¤,11
&subseteqq;,â«…,11
&backprime;,â€µ,11
&dotminus;,âˆ¸,10
&profline;,âŒ’,10
&clubsuit;,â™£,10
&profsurf;,âŒ“,10
&pointint;,â¨•,10
&shortmid;,âˆ£,10
&doteqdot;,â‰‘,10
&Uarrocir;,â¥‰,10
&ncongdot;,â©­Ì¸,10
&triminus;,â¨º,10
&ldrushar;,â¥‹,10
&DotEqual;,â‰,10
&capbrcup;,â©‰,10
&lnapprox;,âª‰,10
&realpart;,â„œ,10
&imagpart;,â„‘,10
&imagline;,â„,10
&UnderBar;,_,10
&bsolhsub;,âŸˆ,10
&sqsupset;,âŠ,10
&cirfnint;,â¨,10
&RightTee;,âŠ¢,10
&SuchThat;,âˆ‹,10
&triangle;,â–µ,10
&sqsubset;,âŠ,10
&circledR;,Â®,10
&circledS;,â“ˆ,10
&trpezium;,â¢,10
&dzigrarr;,âŸ¿,10
&thetasym;,Ï‘,10
&hksearow;,â¤¥,10
&hkswarow;,â¤¦,10
&Succeeds;,â‰»,10
&boxminus;,âŠŸ,10
&boxtimes;,âŠ ,10
&intlarhk;,â¨—,10
&thicksim;,âˆ¼,10
&llcorner;,âŒ,10
&Superset;,âŠƒ,10
&lrcorner;,âŒŸ,10
&drbkarow;,â¤,10
&DDotrahd;,â¤‘,10
&lurdshar;,â¥Š,10
&infintie;,â§,10
&timesbar;,â¨±,10
&integers;,â„¤,10
&intercal;,âŠº,10
&profalar;,âŒ®,10
&Precedes;,â‰º,10
&plusacir;,â¨£,10
&parallel;,âˆ¥,10
&fpartint;,â¨,10
&curlyvee;,â‹,10
&ulcorner;,âŒœ,10
&NotEqual;,â‰ ,10
&varkappa;,Ï°,10
&approxeq;,â‰Š,10
&Integral;,âˆ«,10
&precneqq;,âªµ,10
&varsigma;,Ï‚,10
&awconint;,âˆ³,10
&subseteq;,âŠ†,10
&backcong;,â‰Œ,10
&vartheta;,Ï‘,10
&barwedge;,âŒ…,10
&rtriltri;,â§,10
&bbrktbrk;,â¶,10
&NotTilde;,â‰,10
&otimesas;,â¨¶,10
&precnsim;,â‹¨,10
&eqvparsl;,â§¥,10
&scpolint;,â¨“,10
&succnsim;,â‹©,10
&LessLess;,âª¡,10
&urcorner;,âŒ,10
&succneqq;,âª¶,10
&angmsdaa;,â¦¨,10
&angmsdab;,â¦©,10
&angmsdac;,â¦ª,10
&angmsdad;,â¦«,10
&angmsdae;,â¦¬,10
&angmsdaf;,â¦­,10
&angmsdag;,â¦®,10
&angmsdah;,â¦¯,10
&andslope;,â©˜,10
&notindot;,â‹µÌ¸,10
&cupbrcap;,â©ˆ,10
&angrtvbd;,â¦,10
&laemptyv;,â¦´,10
&mapstoup;,â†¥,10
&raemptyv;,â¦³,10
&naturals;,â„•,10
&setminus;,âˆ–,10
&cwconint;,âˆ²,10
&rppolint;,â¨’,10
&gesdotol;,âª„,10
&PartialD;,âˆ‚,10
&emptyset;,âˆ…,10
&leqslant;,â©½,10
&lesdotor;,âªƒ,10
&biguplus;,â¨„,10
&bigsqcup;,â¨†,10
&bigoplus;,â¨,10
&bigwedge;,â‹€,10
&multimap;,âŠ¸,10
&elinters;,â§,10
&geqslant;,â©¾,10
&smeparsl;,â§¤,10
&gnapprox;,âªŠ,10
&supseteq;,âŠ‡,10
&lessdot;,â‹–,9
&minusdu;,â¨ª,9
&lozenge;,â—Š,9
&bigstar;,â˜…,9
&angzarr;,â¼,9
&cularrp;,â¤½,9
&maltese;,âœ ,9
&UpArrow;,â†‘,9
&precsim;,â‰¾,9
&ddagger;,â€¡,9
&questeq;,â‰Ÿ,9
&demptyv;,â¦±,9
&natural;,â™®,9
&coloneq;,â‰”,9
&curarrm;,â¤¼,9
&swarrow;,â†™,9
&lotimes;,â¨´,9
&angrtvb;,âŠ¾,9
&submult;,â«,9
&bnequiv;,â‰¡âƒ¥,9
&Uparrow;,â‡‘,9
&succsim;,â‰¿,9
&alefsym;,â„µ,9
&dbkarow;,â¤,9
&subedot;,â«ƒ,9
&supdsub;,â«˜,9
&quatint;,â¨–,9
&ccupssm;,â©,9
&supmult;,â«‚,9
&suplarr;,â¥»,9
&simrarr;,â¥²,9
&backsim;,âˆ½,9
&suphsub;,â«—,9
&suphsol;,âŸ‰,9
&subrarr;,â¥¹,9
&congdot;,â©­,9
&because;,âˆµ,9
&bemptyv;,â¦°,9
&ltquest;,â©»,9
&bigcirc;,â—¯,9
&plustwo;,â¨§,9
&subplus;,âª¿,9
&supedot;,â«„,9
&bigodot;,â¨€,9
&ddotseq;,â©·,9
&cemptyv;,â¦²,9
&lesdoto;,âª,9
&between;,â‰¬,9
&Upsilon;,Î¥,9
&napprox;,â‰‰,9
&simplus;,â¨¤,9
&cirscir;,â§‚,9
&cudarrr;,â¤µ,9
&supplus;,â«€,9
&diamond;,â‹„,9
&cudarrl;,â¤¸,9
&boxplus;,âŠ,9
&lessgtr;,â‰¶,9
&luruhar;,â¥¦,9
&lesssim;,â‰²,9
&asympeq;,â‰,9
&digamma;,Ï,9
&larrsim;,â¥³,9
&plussim;,â¨¦,9
&upsilon;,Ï…,9
&DownTee;,âŠ¤,9
&intprod;,â¨¼,9
&uparrow;,â†‘,9
&Diamond;,â‹„,9
&NewLine;,"
",9
&rarrsim;,â¥´,9
&NoBreak;,â ,9
&gtquest;,â©¼,9
&NotLess;,â‰®,9
&orderof;,â„´,9
&equivDD;,â©¸,9
&gtrless;,â‰·,9
&nvinfin;,â§,9
&eqcolon;,â‰•,9
&nvltrie;,âŠ´âƒ’,9
&epsilon;,Îµ,9
&larrbfs;,â¤Ÿ,9
&Omicron;,ÎŸ,9
&Cedilla;,Â¸,9
&Cconint;,âˆ°,9
&searrow;,â†˜,9
&nvrtrie;,âŠµâƒ’,9
&pertenk;,â€±,9
&notinva;,âˆ‰,9
&LeftTee;,âŠ£,9
&OverBar;,â€¾,9
&orslope;,â©—,9
&rbrksld;,â¦,9
&rbrkslu;,â¦,9
&nsqsube;,â‹¢,9
&nsqsupe;,â‹£,9
&Implies;,â‡’,9
&nsubset;,âŠ‚âƒ’,9
&gesdoto;,âª‚,9
&vzigzag;,â¦š,9
&npreceq;,âª¯Ì¸,9
&Epsilon;,Î•,9
&npolint;,â¨”,9
&nsucceq;,âª°Ì¸,9
&uwangle;,â¦§,9
&Element;,âˆˆ,9
&rotimes;,â¨µ,9
&notnivc;,â‹½,9
&notnivb;,â‹¾,9
&notniva;,âˆŒ,9
&isindot;,â‹µ,9
&nsupset;,âŠƒâƒ’,9
&notinvc;,â‹¶,9
&notinvb;,â‹·,9
&rdldhar;,â¥©,9
&harrcir;,â¥ˆ,9
&ruluhar;,â¥¨,9
&lbrksld;,â¦,9
&planckh;,â„,9
&topfork;,â«š,9
&lbrkslu;,â¦,9
&nexists;,âˆ„,9
&Cayleys;,â„­,9
&rarrbfs;,â¤ ,9
&nearrow;,â†—,9
&omicron;,Î¿,9
&pluscir;,â¨¢,9
&triplus;,â¨¹,9
&zigrarr;,â‡,9
&tritime;,â¨»,9
&dotplus;,âˆ”,9
&ldrdhar;,â¥§,9
&Because;,âˆµ,9
&dwangle;,â¦¦,9
&nwarrow;,â†–,9
&Product;,âˆ,9
&realine;,â„›,9
&olcross;,â¦»,9
&capcup;,â©‡,8
&capand;,â©„,8
&gbreve;,ÄŸ,8
&rfloor;,âŒ‹,8
&jsercy;,Ñ˜,8
&itilde;,Ä©,8
&compfn;,âˆ˜,8
&iinfin;,â§œ,8
&conint;,âˆ®,8
&capdot;,â©€,8
&gammad;,Ï,8
&sqcaps;,âŠ“ï¸€,8
&rharul;,â¥¬,8
&lharul;,â¥ª,8
&rpargt;,â¦”,8
&rtimes;,â‹Š,8
&rcaron;,Å™,8
&commat;,@,8
&rfisht;,â¥½,8
&igrave;,Ã¬,8
&rthree;,â‹Œ,8
&gesles;,âª”,8
&rsaquo;,â€º,8
&roplus;,â¨®,8
&capcap;,â©‹,8
&rcedil;,Å—,8
&sqcups;,âŠ”ï¸€,8
&iiiint;,â¨Œ,8
&rsquor;,â€™,8
&gesdot;,âª€,8
&llhard;,â¥«,8
&isinsv;,â‹³,8
&homtht;,âˆ»,8
&gtrdot;,â‹—,8
&gtrsim;,â‰³,8
&gacute;,Çµ,8
&squarf;,â–ª,8
&lmidot;,Å€,8
&hercon;,âŠ¹,8
&hellip;,â€¦,8
&hamilt;,â„‹,8
&square;,â–¡,8
&hardcy;,ÑŠ,8
&circeq;,â‰—,8
&hearts;,â™¥,8
&sqsube;,âŠ‘,8
&intcal;,âŠº,8
&sqsupe;,âŠ’,8
&inodot;,Ä±,8
&gtrarr;,â¥¸,8
&ccaron;,Ä,8
&horbar;,â€•,8
&incare;,â„…,8
&iquest;,Â¿,8
&rAtail;,â¤œ,8
&rmoust;,â±,8
&ccedil;,Ã§,8
&iacute;,Ã­,8
&rdquor;,â€,8
&colone;,â‰”,8
&hyphen;,â€,8
&hybull;,âƒ,8
&gtlPar;,â¦•,8
&cirmid;,â«¯,8
&hstrok;,Ä§,8
&hslash;,â„,8
&lmoust;,â°,8
&hairsp;,â€Š,8
&lfisht;,â¥¼,8
&coprod;,âˆ,8
&softcy;,ÑŒ,8
&latail;,â¤™,8
&seswar;,â¤©,8
&dcaron;,Ä,8
&rangle;,âŸ©,8
&elsdot;,âª—,8
&rarrfs;,â¤,8
&larrtl;,â†¢,8
&emptyv;,âˆ…,8
&daleth;,â„¸,8
&dagger;,â€ ,8
&cylcty;,âŒ­,8
&egrave;,Ã¨,8
&emsp13;,â€„,8
&lesdot;,â©¿,8
&emsp14;,â€…,8
&larrpl;,â¤¹,8
&larrlp;,â†«,8
&larrhk;,â†©,8
&searhk;,â¤¥,8
&eparsl;,â§£,8
&larrfs;,â¤,8
&eqcirc;,â‰–,8
&egsdot;,âª˜,8
&sfrown;,âŒ¢,8
&equals;,=,8
&lcedil;,Ä¼,8
&divonx;,â‹‡,8
&dlcorn;,âŒ,8
&dlcrop;,âŒ,8
&dollar;,$,8
&ldquor;,â€,8
&drcorn;,âŒŸ,8
&drcrop;,âŒŒ,8
&rarrap;,â¥µ,8
&dstrok;,Ä‘,8
&simdot;,â©ª,8
&lcaron;,Ä¾,8
&smashp;,â¨³,8
&sigmav;,Ï‚,8
&sigmaf;,Ï‚,8
&eacute;,Ã©,8
&easter;,â©®,8
&ecaron;,Ä›,8
&lbrack;,[,8
&dfisht;,â¥¿,8
&ecolon;,â‰•,8
&lbrace;,{,8
&shchcy;,Ñ‰,8
&rarrhk;,â†ª,8
&equest;,â‰Ÿ,8
&racute;,Å•,8
&frac23;,â…”,8
&frac12;,Â½,8
&frac13;,â…“,8
&rbrack;,],8
&frac14;,Â¼,8
&frac15;,â…•,8
&divide;,Ã·,8
&lfloor;,âŒŠ,8
&frac16;,â…™,8
&spades;,â™ ,8
&frac18;,â…›,8
&frac25;,â…–,8
&rbrace;,},8
&frac34;,Â¾,8
&frac35;,â…—,8
&frac38;,â…œ,8
&frac45;,â…˜,8
&frac56;,â…š,8
&frac58;,â…,8
&frac78;,â…,8
&kcedil;,Ä·,8
&kappav;,Ï°,8
&copysr;,â„—,8
&kgreen;,Ä¸,8
&sacute;,Å›,8
&curren;,Â¤,8
&cupdot;,âŠ,8
&lesges;,âª“,8
&rarrlp;,â†¬,8
&rarrpl;,â¥…,8
&langle;,âŸ¨,8
&lambda;,Î»,8
&lagran;,â„’,8
&scnsim;,â‹©,8
&curarr;,â†·,8
&lacute;,Äº,8
&rarrtl;,â†£,8
&scedil;,ÅŸ,8
&cularr;,â†¶,8
&cupcup;,â©Š,8
&cupcap;,â©†,8
&female;,â™€,8
&ffilig;,ï¬ƒ,8
&ratail;,â¤š,8
&ffllig;,ï¬„,8
&lAtail;,â¤›,8
&scaron;,Å¡,8
&solbar;,âŒ¿,8
&forall;,âˆ€,8
&cacute;,Ä‡,8
&bumpeq;,â‰,8
&planck;,â„,8
&thinsp;,â€‰,8
&nvHarr;,â¤„,8
&Square;,â–¡,8
&nexist;,âˆ„,8
&Scedil;,Å,8
&Scaron;,Å ,8
&Sacute;,Åš,8
&SOFTcy;,Ğ¬,8
&nvDash;,âŠ­,8
&SHCHcy;,Ğ©,8
&tridot;,â—¬,8
&Dcaron;,Ä,8
&Rcedil;,Å–,8
&Rcaron;,Å˜,8
&Rarrtl;,â¤–,8
&numero;,â„–,8
&Racute;,Å”,8
&origof;,âŠ¶,8
&DotDot;,âƒœ,8
&plankv;,â„,8
&tstrok;,Å§,8
&Dstrok;,Ä,8
&ntilde;,Ã±,8
&uacute;,Ãº,8
&ubreve;,Å­,8
&Eacute;,Ã‰,8
&phmmat;,â„³,8
&udblac;,Å±,8
&Otimes;,â¨·,8
&Otilde;,Ã•,8
&tprime;,â€´,8
&nesear;,â¤¨,8
&Subset;,â‹,8
&timesb;,âŠ ,8
&thksim;,âˆ¼,8
&plusmn;,Â±,8
&Ugrave;,Ã™,8
&xsqcup;,â¨†,8
&nbumpe;,â‰Ì¸,8
&Udblac;,Å°,8
&Colone;,â©´,8
&ncaron;,Åˆ,8
&Ubreve;,Å¬,8
&Conint;,âˆ¯,8
&Uacute;,Ãš,8
&Tstrok;,Å¦,8
&plusdu;,â¨¥,8
&nvlArr;,â¤‚,8
&nequiv;,â‰¢,8
&plusdo;,âˆ”,8
&timesd;,â¨°,8
&Tcedil;,Å¢,8
&Tcaron;,Å¤,8
&xotime;,â¨‚,8
&nearhk;,â¤¤,8
&topbot;,âŒ¶,8
&CupCap;,â‰,8
&xoplus;,â¨,8
&nvdash;,âŠ¬,8
&topcir;,â«±,8
&Supset;,â‹‘,8
&Dagger;,â€¡,8
&Oslash;,Ã˜,8
&Ecaron;,Äš,8
&permil;,â€°,8
&Igrave;,ÃŒ,8
&Kcedil;,Ä¶,8
&Exists;,âˆƒ,8
&vsubne;,âŠŠï¸€,8
&vsubnE;,â«‹ï¸€,8
&Jsercy;,Ğˆ,8
&nprcue;,â‹ ,8
&otimes;,âŠ—,8
&vangrt;,â¦œ,8
&ForAll;,âˆ€,8
&Itilde;,Ä¨,8
&varphi;,Ï•,8
&nrarrc;,â¤³Ì¸,8
&nrarrw;,â†Ì¸,8
&varrho;,Ï±,8
&nparsl;,â«½âƒ¥,8
&nrtrie;,â‹­,8
&Iacute;,Ã,8
&otilde;,Ãµ,8
&nsccue;,â‹¡,8
&Hstrok;,Ä¦,8
&HARDcy;,Ğª,8
&veebar;,âŠ»,8
&oslash;,Ã¸,8
&vellip;,â‹®,8
&Gammad;,Ïœ,8
&verbar;,|,8
&Gbreve;,Ä,8
&Gcedil;,Ä¢,8
&vsupnE;,â«Œï¸€,8
&vsupne;,âŠ‹ï¸€,8
&ufisht;,â¥¾,8
&Egrave;,Ãˆ,8
&period;,.,8
&Ograve;,Ã’,8
&percnt;,%,8
&ugrave;,Ã¹,8
&Odblac;,Å,8
&wreath;,â‰€,8
&weierp;,â„˜,8
&Oacute;,Ã“,8
&wedgeq;,â‰™,8
&Ntilde;,Ã‘,8
&nltrie;,â‹¬,8
&ulcorn;,âŒœ,8
&ulcrop;,âŒ,8
&parsim;,â«³,8
&utilde;,Å©,8
&Ncedil;,Å…,8
&Ncaron;,Å‡,8
&Nacute;,Åƒ,8
&notinE;,â‹¹Ì¸,8
&Lstrok;,Å,8
&Lmidot;,Ä¿,8
&urcorn;,âŒ,8
&urcrop;,âŒ,8
&Lcedil;,Ä»,8
&Lcaron;,Ä½,8
&Lambda;,Î›,8
&Lacute;,Ä¹,8
&wedbar;,â©Ÿ,8
&xuplus;,â¨„,8
&ncedil;,Å†,8
&Utilde;,Å¨,8
&odblac;,Å‘,8
&zacute;,Åº,8
&bowtie;,â‹ˆ,8
&Assign;,â‰”,8
&bottom;,âŠ¥,8
&subdot;,âª½,8
&mapsto;,â†¦,8
&bkarow;,â¤,8
&bigvee;,â‹,8
&bigcup;,â‹ƒ,8
&bigcap;,â‹‚,8
&bernou;,â„¬,8
&marker;,â–®,8
&Atilde;,Ãƒ,8
&becaus;,âˆµ,8
&mcomma;,â¨©,8
&prnsim;,â‹¨,8
&subset;,âŠ‚,8
&nvrArr;,â¤ƒ,8
&barwed;,âŒ…,8
&barvee;,âŠ½,8
&ominus;,âŠ–,8
&oacute;,Ã³,8
&atilde;,Ã£,8
&Barwed;,âŒ†,8
&subsim;,â«‡,8
&primes;,â„™,8
&subsub;,â«•,8
&propto;,âˆ,8
&zcaron;,Å¾,8
&subsup;,â«“,8
&ltrPar;,â¦–,8
&ssetmn;,âˆ–,8
&bullet;,â€¢,8
&ssmile;,âŒ£,8
&sstarf;,â‹†,8
&brvbar;,Â¦,8
&ograve;,Ã²,8
&Aacute;,Ã,8
&Abreve;,Ä‚,8
&loplus;,â¨­,8
&bprime;,â€µ,8
&lowast;,âˆ—,8
&lowbar;,_,8
&lparlt;,â¦“,8
&lrhard;,â¥­,8
&lsaquo;,â€¹,8
&qprime;,â—,8
&Agrave;,Ã€,8
&boxbox;,â§‰,8
&lsquor;,â€š,8
&lstrok;,Å‚,8
&puncsp;,â€ˆ,8
&prurel;,âŠ°,8
&odsold;,â¦¼,8
&zeetrf;,â„¨,8
&lthree;,â‹‹,8
&ltimes;,â‹‰,8
&ltlarr;,â¥¶,8
&approx;,â‰ˆ,8
&nsimeq;,â‰„,8
&telrec;,âŒ•,8
&swarhk;,â¤¦,8
&supdot;,âª¾,8
&preceq;,âª¯,8
&mstpos;,âˆ¾,8
&abreve;,Äƒ,8
&tcedil;,Å£,8
&aacute;,Ã¡,8
&yacute;,Ã½,8
&supset;,âŠƒ,8
&Zcaron;,Å½,8
&Vvdash;,âŠª,8
&nacute;,Å„,8
&Zacute;,Å¹,8
&supsim;,â«ˆ,8
&nVDash;,âŠ¯,8
&supsub;,â«”,8
&Bumpeq;,â‰,8
&supsup;,â«–,8
&nwarhk;,â¤£,8
&xwedge;,â‹€,8
&Yacute;,Ã,8
&swnwar;,â¤ª,8
&target;,âŒ–,8
&Cacute;,Ä†,8
&models;,âŠ§,8
&Ccaron;,ÄŒ,8
&thetav;,Ï‘,8
&tcaron;,Å¥,8
&apacir;,â©¯,8
&succeq;,âª°,8
&Ccedil;,Ã‡,8
&Vdashl;,â«¦,8
&midast;,*,8
&Verbar;,â€–,8
&angsph;,âˆ¢,8
&midcir;,â«°,8
&angmsd;,âˆ¡,8
&nwnear;,â¤§,8
&middot;,Â·,8
&andand;,â©•,8
&nVdash;,âŠ®,8
&there4;,âˆ´,8
&minusb;,âŠŸ,8
&minusd;,âˆ¸,8
&mnplus;,âˆ“,8
&agrave;,Ã ,8
&omacr;,Å,7
&nsube;,âŠˆ,7
&orarr;,â†»,7
&iquest,Â¿,7
&nspar;,âˆ¦,7
&oline;,â€¾,7
&imath;,Ä±,7
&nsubE;,â«…Ì¸,7
&jmath;,È·,7
&nvsim;,âˆ¼âƒ’,7
&ograve,Ã²,7
&oslash,Ã¸,7
&oplus;,âŠ•,7
&ohbar;,â¦µ,7
&reals;,â„,7
&order;,â„´,7
&imped;,Æµ,7
&nsupe;,âŠ‰,7
&ntilde,Ã±,7
&oacute,Ã³,7
&iogon;,Ä¯,7
&operp;,â¦¹,7
&rdquo;,â€,7
&numsp;,â€‡,7
&isinE;,â‹¹,7
&nwarr;,â†–,7
&isins;,â‹´,7
&isinv;,âˆˆ,7
&odash;,âŠ,7
&jcirc;,Äµ,7
&nsupE;,â«†Ì¸,7
&iukcy;,Ñ–,7
&nsucc;,âŠ,7
&omega;,Ï‰,7
&iprod;,â¨¼,7
&rceil;,âŒ‰,7
&nwArr;,â‡–,7
&infin;,âˆ,7
&oelig;,Å“,7
&ofcir;,â¦¿,7
&ocirc;,Ã´,7
&lobrk;,âŸ¦,7
&nsmid;,âˆ¤,7
&lhard;,â†½,7
&mdash;,â€”,7
&prnap;,âª¹,7
&micro;,Âµ,7
&prime;,â€²,7
&middot,Â·,7
&minus;,âˆ’,7
&mumap;,âŠ¸,7
&lescc;,âª¨,7
&prcue;,â‰¼,7
&rangd;,â¦’,7
&range;,â¦¥,7
&pound;,Â£,7
&nabla;,âˆ‡,7
&imacr;,Ä«,7
&napid;,â‰‹Ì¸,7
&napos;,Å‰,7
&natur;,â™®,7
&nbump;,â‰Ì¸,7
&raquo;,Â»,7
&plusmn,Â±,7
&ncong;,â‰‡,7
&radic;,âˆš,7
&lharu;,â†¼,7
&ndash;,â€“,7
&lhblk;,â–„,7
&loang;,âŸ¬,7
&lopar;,â¦…,7
&lnsim;,â‹¦,7
&lneqq;,â‰¨,7
&rAarr;,â‡›,7
&rBarr;,â¤,7
&quest;,?,7
&lrarr;,â‡†,7
&lrhar;,â‡‹,7
&lrtri;,âŠ¿,7
&lsime;,âª,7
&lsimg;,âª,7
&lltri;,â—º,7
&lsquo;,â€˜,7
&ltcir;,â©¹,7
&ltdot;,â‹–,7
&prsim;,â‰¾,7
&ltrie;,âŠ´,7
&ltrif;,â—‚,7
&mDDot;,âˆº,7
&llarr;,â‡‡,7
&pluse;,â©²,7
&neArr;,â‡—,7
&nsime;,â‰„,7
&nlsim;,â‰´,7
&laquo;,Â«,7
&nltri;,â‹ª,7
&langd;,â¦‘,7
&ovbar;,âŒ½,7
&notin;,âˆ‰,7
&rarrw;,â†,7
&notni;,âˆŒ,7
&lBarr;,â¤,7
&ratio;,âˆ¶,7
&lAarr;,â‡š,7
&rbarr;,â¤,7
&rbbrk;,â³,7
&npart;,âˆ‚Ì¸,7
&nprec;,âŠ€,7
&nrArr;,â‡,7
&nrarr;,â†›,7
&nrtri;,â‹«,7
&rbrke;,â¦Œ,7
&otilde,Ãµ,7
&kappa;,Îº,7
&jukcy;,Ñ”,7
&parsl;,â«½,7
&nless;,â‰®,7
&ldquo;,â€œ,7
&nleqq;,â‰¦Ì¸,7
&nearr;,â†—,7
&rarrb;,â‡¥,7
&nedot;,â‰Ì¸,7
&lceil;,âŒˆ,7
&nesim;,â‰‚Ì¸,7
&lbrke;,â¦‹,7
&plusb;,âŠ,7
&lbbrk;,â²,7
&lbarr;,â¤Œ,7
&lates;,âª­ï¸€,7
&ngeqq;,â‰§Ì¸,7
&rarrc;,â¤³,7
&ngsim;,â‰µ,7
&loarr;,â‡½,7
&nhArr;,â‡,7
&nharr;,â†®,7
&nhpar;,â«²,7
&phone;,â˜,7
&nlArr;,â‡,7
&nlarr;,â†š,7
&larrb;,â‡¤,7
&image;,â„‘,7
&gimel;,â„·,7
&ijlig;,Ä³,7
&amacr;,Ä,7
&Uring;,Å®,7
&VDash;,âŠ«,7
&Vdash;,âŠ©,7
&theta;,Î¸,7
&Wcirc;,Å´,7
&Wedge;,â‹€,7
&szlig;,ÃŸ,7
&swarr;,â†™,7
&Yacute,Ã,7
&Ycirc;,Å¶,7
&swArr;,â‡™,7
&supne;,âŠ‹,7
&supnE;,â«Œ,7
&aacute,Ã¡,7
&acirc;,Ã¢,7
&acute;,Â´,7
&aelig;,Ã¦,7
&agrave,Ã ,7
&aleph;,â„µ,7
&thkap;,â‰ˆ,7
&UpTee;,âŠ¥,7
&Uogon;,Å²,7
&Theta;,Î˜,7
&tshcy;,Ñ›,7
&trisb;,â§,7
&Scirc;,Åœ,7
&Sigma;,Î£,7
&trade;,â„¢,7
&THORN;,Ã,7
&TRADE;,â„¢,7
&TSHcy;,Ğ‹,7
&Tilde;,âˆ¼,7
&Union;,â‹ƒ,7
&times;,Ã—,7
&Uacute,Ãš,7
&Ubrcy;,Ğ,7
&tilde;,Ëœ,7
&Ucirc;,Ã›,7
&thorn;,Ã¾,7
&Ugrave,Ã™,7
&Umacr;,Åª,7
&alpha;,Î±,7
&amalg;,â¨¿,7
&twixt;,â‰¬,7
&angle;,âˆ ,7
&boxHU;,â•©,7
&boxHd;,â•¤,7
&boxHu;,â•§,7
&boxUL;,â•,7
&boxUR;,â•š,7
&boxUl;,â•œ,7
&boxUr;,â•™,7
&strns;,Â¯,7
&boxVH;,â•¬,7
&boxVL;,â•£,7
&boxVR;,â• ,7
&boxVh;,â•«,7
&boxVl;,â•¢,7
&boxVr;,â•Ÿ,7
&boxdL;,â••,7
&boxdR;,â•’,7
&boxdl;,â”,7
&boxdr;,â”Œ,7
&boxhD;,â•¥,7
&boxHD;,â•¦,7
&boxDr;,â•“,7
&boxDl;,â•–,7
&bdquo;,â€,7
&angrt;,âˆŸ,7
&angst;,Ã…,7
&aogon;,Ä…,7
&aring;,Ã¥,7
&asymp;,â‰ˆ,7
&atilde,Ã£,7
&awint;,â¨‘,7
&bcong;,â‰Œ,7
&bepsi;,Ï¶,7
&boxDR;,â•”,7
&iiota;,â„©,7
&subnE;,â«‹,7
&blank;,â£,7
&blk12;,â–’,7
&blk14;,â–‘,7
&blk34;,â–“,7
&block;,â–ˆ,7
&boxDL;,â•—,7
&RBarr;,â¤,7
&uacute,Ãº,7
&boxhd;,â”¬,7
&veeeq;,â‰š,7
&Delta;,Î”,7
&xharr;,âŸ·,7
&xhArr;,âŸº,7
&xdtri;,â–½,7
&xcirc;,â—¯,7
&Eacute,Ã‰,7
&Ecirc;,ÃŠ,7
&Egrave,Ãˆ,7
&Emacr;,Ä’,7
&Eogon;,Ä˜,7
&wedge;,âˆ§,7
&Equal;,â©µ,7
&wcirc;,Åµ,7
&vrtri;,âŠ³,7
&vprop;,âˆ,7
&vnsup;,âŠƒâƒ’,7
&Gamma;,Î“,7
&Gcirc;,Äœ,7
&vnsub;,âŠ‚âƒ’,7
&xlArr;,âŸ¸,7
&xlarr;,âŸµ,7
&Dashv;,â«¤,7
&ycirc;,Å·,7
&Aacute,Ã,7
&Acirc;,Ã‚,7
&Agrave,Ã€,7
&Alpha;,Î‘,7
&Amacr;,Ä€,7
&Aogon;,Ä„,7
&Aring;,Ã…,7
&Atilde,Ãƒ,7
&Breve;,Ë˜,7
&xodot;,â¨€,7
&yacute,Ã½,7
&xutri;,â–³,7
&Ccedil,Ã‡,7
&Ccirc;,Äˆ,7
&Colon;,âˆ·,7
&xrarr;,âŸ¶,7
&Cross;,â¨¯,7
&xrArr;,âŸ¹,7
&vltri;,âŠ²,7
&Hacek;,Ë‡,7
&Prime;,â€³,7
&vdash;,âŠ¢,7
&umacr;,Å«,7
&ultri;,â—¸,7
&Ntilde,Ã‘,7
&uhblk;,â–€,7
&OElig;,Å’,7
&Oacute,Ã“,7
&uharr;,â†¾,7
&Ocirc;,Ã”,7
&uharl;,â†¿,7
&Ograve,Ã’,7
&Omacr;,ÅŒ,7
&Omega;,Î©,7
&ugrave,Ã¹,7
&udhar;,â¥®,7
&Oslash,Ã˜,7
&Otilde,Ã•,7
&udarr;,â‡…,7
&ucirc;,Ã»,7
&ubrcy;,Ñ,7
&uogon;,Å³,7
&uplus;,âŠ,7
&upsih;,Ï’,7
&Iukcy;,Ğ†,7
&Hcirc;,Ä¤,7
&IJlig;,Ä²,7
&Iacute,Ã,7
&Icirc;,Ã,7
&Igrave,ÃŒ,7
&Imacr;,Äª,7
&Iogon;,Ä®,7
&varpi;,Ï–,7
&Jcirc;,Ä´,7
&uring;,Å¯,7
&vDash;,âŠ¨,7
&vBarv;,â«©,7
&Jukcy;,Ğ„,7
&Kappa;,Îš,7
&uuarr;,â‡ˆ,7
&utrif;,â–´,7
&utdot;,â‹°,7
&urtri;,â—¹,7
&boxhU;,â•¨,7
&subne;,âŠŠ,7
&boxhu;,â”´,7
&sccue;,â‰½,7
&setmn;,âˆ–,7
&emacr;,Ä“,7
&empty;,âˆ…,7
&eogon;,Ä™,7
&searr;,â†˜,7
&eplus;,â©±,7
&seArr;,â‡˜,7
&epsiv;,Ïµ,7
&eqsim;,â‰‚,7
&equiv;,â‰¡,7
&erDot;,â‰“,7
&erarr;,â¥±,7
&sdote;,â©¦,7
&esdot;,â‰,7
&sdotb;,âŠ¡,7
&scsim;,â‰¿,7
&scnap;,âªº,7
&scirc;,Å,7
&exist;,âˆƒ,7
&egrave,Ã¨,7
&sharp;,â™¯,7
&boxuL;,â•›,7
&simgE;,âª ,7
&slarr;,â†,7
&dharl;,â‡ƒ,7
&dharr;,â‡‚,7
&diams;,â™¦,7
&disin;,â‹²,7
&simne;,â‰†,7
&divide,Ã·,7
&simlE;,âªŸ,7
&doteq;,â‰,7
&ecirc;,Ãª,7
&simeq;,â‰ƒ,7
&dtdot;,â‹±,7
&dtrif;,â–¾,7
&duarr;,â‡µ,7
&duhar;,â¥¯,7
&eDDot;,â©·,7
&eacute,Ã©,7
&sigma;,Ïƒ,7
&fflig;,ï¬€,7
&filig;,ï¬,7
&ddarr;,â‡Š,7
&fjlig;,fj,7
&gneqq;,â‰©,7
&gnsim;,â‹§,7
&grave;,`,7
&rlhar;,â‡Œ,7
&gsime;,âª,7
&gsiml;,âª,7
&rlarr;,â‡„,7
&gtcir;,â©º,7
&gtdot;,â‹—,7
&harrw;,â†­,7
&hcirc;,Ä¥,7
&hoarr;,â‡¿,7
&iacute,Ã­,7
&icirc;,Ã®,7
&rharu;,â‡€,7
&rhard;,â‡,7
&iexcl;,Â¡,7
&igrave,Ã¬,7
&iiint;,âˆ­,7
&rnmid;,â«®,7
&roang;,âŸ­,7
&roarr;,â‡¾,7
&frown;,âŒ¢,7
&fllig;,ï¬‚,7
&fltns;,â–±,7
&sbquo;,â€š,7
&forkv;,â«™,7
&frac12,Â½,7
&frac14,Â¼,7
&frac34,Â¾,7
&frasl;,â„,7
&rtrif;,â–¸,7
&robrk;,âŸ§,7
&gamma;,Î³,7
&rtrie;,âŠµ,7
&gcirc;,Ä,7
&rsquo;,â€™,7
&gescc;,âª©,7
&rrarr;,â‡‰,7
&AElig;,Ã†,7
&ropar;,â¦†,7
&delta;,Î´,7
&efDot;,â‰’,7
&olcir;,â¦¾,7
&cuvee;,â‹,7
&curren,Â¤,7
&bsolb;,â§…,7
&boxvR;,â•,7
&boxvh;,â”¼,7
&boxvl;,â”¤,7
&cupor;,â©…,7
&cuesc;,â‹Ÿ,7
&cuepr;,â‹,7
&boxvr;,â”œ,7
&ctdot;,â‹¯,7
&bumpe;,â‰,7
&csupe;,â«’,7
&breve;,Ë˜,7
&caret;,â,7
&bumpE;,âª®,7
&csube;,â«‘,7
&cross;,âœ—,7
&crarr;,â†µ,7
&colon;,:,7
&brvbar,Â¦,7
&starf;,â˜…,7
&bsemi;,â,7
&comma;,",",7
&sqcap;,âŠ“,7
&bsime;,â‹,7
&clubs;,â™£,7
&boxvL;,â•¡,7
&sqsub;,âŠ,7
&boxvH;,â•ª,7
&dblac;,Ë,7
&dashv;,âŠ£,7
&smile;,âŒ£,7
&boxuR;,â•˜,7
&caron;,Ë‡,7
&srarr;,â†’,7
&smtes;,âª¬ï¸€,7
&ccaps;,â©,7
&boxul;,â”˜,7
&sqsup;,âŠ,7
&cwint;,âˆ±,7
&ccedil,Ã§,7
&boxur;,â””,7
&cuwed;,â‹,7
&olarr;,â†º,7
&check;,âœ“,7
&cedil;,Â¸,7
&ccirc;,Ä‰,7
&sqcup;,âŠ”,7
&ccups;,â©Œ,7
&wscr;,ğ“Œ,6
&xcap;,â‹‚,6
&vscr;,ğ“‹,6
&ropf;,ğ•£,6
&rcub;,},6
&sscr;,ğ“ˆ,6
&oror;,â©–,6
&rdca;,â¤·,6
&wopf;,ğ•¨,6
&rscr;,ğ“‡,6
&xcup;,â‹ƒ,6
&rpar;,),6
&vopf;,ğ•§,6
&oscr;,â„´,6
&subE;,â«…,6
&xopf;,ğ•©,6
&star;,â˜†,6
&ordm;,Âº,6
&zscr;,ğ“,6
&zopf;,ğ•«,6
&rect;,â–­,6
&zhcy;,Ğ¶,6
&zeta;,Î¶,6
&qscr;,ğ“†,6
&qopf;,ğ•¢,6
&zdot;,Å¼,6
&rhov;,Ï±,6
&omid;,â¦¶,6
&yuml;,Ã¿,6
&yucy;,Ñ,6
&oopf;,ğ• ,6
&opar;,â¦·,6
&yscr;,ğ“,6
&yopf;,ğ•ª,6
&yicy;,Ñ—,6
&qint;,â¨Œ,6
&yacy;,Ñ,6
&xvee;,â‹,6
&pscr;,ğ“…,6
&xscr;,ğ“,6
&ring;,Ëš,6
&real;,â„œ,6
&rdsh;,â†³,6
&xnis;,â‹»,6
&ordf;,Âª,6
&xmap;,âŸ¼,6
&quot;,"""",6
&rsqb;,],6
&smid;,âˆ£,6
&rtri;,â–¹,6
&uHar;,â¥£,6
&prap;,âª·,6
&tscr;,ğ“‰,6
&plus;,+,6
&tscy;,Ñ†,6
&rang;,âŸ©,6
&uArr;,â‡‘,6
&prec;,â‰º,6
&supe;,âŠ‡,6
&solb;,â§„,6
&uarr;,â†‘,6
&shcy;,Ñˆ,6
&ucirc,Ã»,6
&phiv;,Ï•,6
&perp;,âŠ¥,6
&trie;,â‰œ,6
&pound,Â£,6
&sime;,â‰ƒ,6
&tosa;,â¤©,6
&topf;,ğ•¥,6
&szlig,ÃŸ,6
&simg;,âª,6
&toea;,â¤¨,6
&tint;,âˆ­,6
&tbrk;,â´,6
&siml;,âª,6
&rarr;,â†’,6
&times,Ã—,6
&smte;,âª¬,6
&popf;,ğ•¡,6
&tdot;,âƒ›,6
&thorn,Ã¾,6
&sext;,âœ¶,6
&semi;,;,6
&prop;,âˆ,6
&raquo,Â»,6
&uuml;,Ã¼,6
&race;,âˆ½Ì±,6
&vArr;,â‡•,6
&prnE;,âªµ,6
&vBar;,â«¨,6
&rHar;,â¥¤,6
&varr;,â†•,6
&sect;,Â§,6
&squf;,â–ª,6
&prod;,âˆ,6
&osol;,âŠ˜,6
&rArr;,â‡’,6
&vert;,|,6
&sube;,âŠ†,6
&succ;,â‰»,6
&ouml;,Ã¶,6
&scnE;,âª¶,6
&utri;,â–µ,6
&uscr;,ğ“Š,6
&sdot;,â‹…,6
&upsi;,Ï…,6
&uopf;,ğ•¦,6
&sung;,â™ª,6
&para;,Â¶,6
&sup1;,Â¹,6
&sup2;,Â²,6
&sup3;,Â³,6
&spar;,âˆ¥,6
&part;,âˆ‚,6
&sopf;,ğ•¤,6
&supE;,â«†,6
&scap;,âª¸,6
&AElig,Ã†,6
&oint;,âˆ®,6
&bsim;,âˆ½,6
&beta;,Î²,6
&beth;,â„¶,6
&bnot;,âŒ,6
&bopf;,ğ•“,6
&boxH;,â•,6
&boxV;,â•‘,6
&boxh;,â”€,6
&boxv;,â”‚,6
&bscr;,ğ’·,6
&bsol;,\,6
&bNot;,â«­,6
&bull;,â€¢,6
&bump;,â‰,6
&caps;,âˆ©ï¸€,6
&cdot;,Ä‹,6
&cedil,Â¸,6
&cent;,Â¢,6
&chcy;,Ñ‡,6
&cirE;,â§ƒ,6
&cire;,â‰—,6
&bbrk;,âµ,6
&auml;,Ã¤,6
&Xscr;,ğ’³,6
&Zscr;,ğ’µ,6
&YIcy;,Ğ‡,6
&YUcy;,Ğ®,6
&Yopf;,ğ•,6
&Yscr;,ğ’´,6
&Yuml;,Å¸,6
&ZHcy;,Ğ–,6
&Zdot;,Å»,6
&Zeta;,Î–,6
&Zopf;,â„¤,6
&acirc,Ã¢,6
&ascr;,ğ’¶,6
&acute,Â´,6
&aelig,Ã¦,6
&andd;,â©œ,6
&andv;,â©š,6
&ange;,â¦¤,6
&aopf;,ğ•’,6
&apid;,â‰‹,6
&apos;,',6
&aring,Ã¥,6
&comp;,âˆ,6
&cong;,â‰…,6
&copf;,ğ•”,6
&fopf;,ğ•—,6
&epar;,â‹•,6
&epsi;,Îµ,6
&escr;,â„¯,6
&esim;,â‰‚,6
&euml;,Ã«,6
&euro;,â‚¬,6
&excl;,!,6
&flat;,â™­,6
&fnof;,Æ’,6
&fork;,â‹”,6
&copy;,Â©,6
&fscr;,ğ’»,6
&gdot;,Ä¡,6
&geqq;,â‰§,6
&gesl;,â‹›ï¸€,6
&gjcy;,Ñ“,6
&gnap;,âªŠ,6
&gneq;,âªˆ,6
&gopf;,ğ•˜,6
&gscr;,â„Š,6
&eopf;,ğ•–,6
&ensp;,â€‚,6
&emsp;,â€ƒ,6
&edot;,Ä—,6
&cscr;,ğ’¸,6
&csub;,â«,6
&csup;,â«,6
&cups;,âˆªï¸€,6
&dArr;,â‡“,6
&dHar;,â¥¥,6
&darr;,â†“,6
&dash;,â€,6
&diam;,â‹„,6
&djcy;,Ñ’,6
&dopf;,ğ••,6
&dscr;,ğ’¹,6
&dscy;,Ñ•,6
&dsol;,â§¶,6
&dtri;,â–¿,6
&dzcy;,ÑŸ,6
&eDot;,â‰‘,6
&ecir;,â‰–,6
&ecirc,Ãª,6
&YAcy;,Ğ¯,6
&Xopf;,ğ•,6
&gtcc;,âª§,6
&Hscr;,â„‹,6
&Esim;,â©³,6
&Euml;,Ã‹,6
&Fopf;,ğ”½,6
&Fscr;,â„±,6
&GJcy;,Ğƒ,6
&Gdot;,Ä ,6
&Gopf;,ğ”¾,6
&Gscr;,ğ’¢,6
&Hopf;,â„,6
&IEcy;,Ğ•,6
&Eopf;,ğ”¼,6
&IOcy;,Ğ,6
&Icirc,Ã,6
&Idot;,Ä°,6
&Iopf;,ğ•€,6
&Iota;,Î™,6
&Iscr;,â„,6
&Iuml;,Ã,6
&Jopf;,ğ•,6
&Jscr;,ğ’¥,6
&Escr;,â„°,6
&Edot;,Ä–,6
&Wscr;,ğ’²,6
&CHcy;,Ğ§,6
&Acirc,Ã‚,6
&Aopf;,ğ”¸,6
&Aring,Ã…,6
&Ascr;,ğ’œ,6
&Auml;,Ã„,6
&Barv;,â«§,6
&Beta;,Î’,6
&Bopf;,ğ”¹,6
&Bscr;,â„¬,6
&COPY;,Â©,6
&Ecirc,ÃŠ,6
&Cdot;,ÄŠ,6
&Copf;,â„‚,6
&Cscr;,ğ’,6
&DJcy;,Ğ‚,6
&DScy;,Ğ…,6
&DZcy;,Ğ,6
&Darr;,â†¡,6
&Dopf;,ğ”»,6
&Dscr;,ğ’Ÿ,6
&KHcy;,Ğ¥,6
&KJcy;,ĞŒ,6
&Kopf;,ğ•‚,6
&Uarr;,â†Ÿ,6
&SHcy;,Ğ¨,6
&Sopf;,ğ•Š,6
&Sqrt;,âˆš,6
&Sscr;,ğ’®,6
&Star;,â‹†,6
&THORN,Ã,6
&TScy;,Ğ¦,6
&Topf;,ğ•‹,6
&Tscr;,ğ’¯,6
&Ucirc,Ã›,6
&Kscr;,ğ’¦,6
&Uopf;,ğ•Œ,6
&Upsi;,Ï’,6
&Uscr;,ğ’°,6
&Uuml;,Ãœ,6
&Vbar;,â««,6
&Vert;,â€–,6
&Vopf;,ğ•,6
&Vscr;,ğ’±,6
&Wopf;,ğ•,6
&Rscr;,â„›,6
&Ropf;,â„,6
&Rarr;,â† ,6
&Rang;,âŸ«,6
&LJcy;,Ğ‰,6
&Lang;,âŸª,6
&Larr;,â†,6
&Lopf;,ğ•ƒ,6
&Lscr;,â„’,6
&Mopf;,ğ•„,6
&Mscr;,â„³,6
&NJcy;,ĞŠ,6
&Nopf;,â„•,6
&Nscr;,ğ’©,6
&Ocirc,Ã”,6
&Oopf;,ğ•†,6
&Oscr;,ğ’ª,6
&Ouml;,Ã–,6
&Popf;,â„™,6
&Pscr;,ğ’«,6
&QUOT;,"""",6
&Qopf;,â„š,6
&Qscr;,ğ’¬,6
&gsim;,â‰³,6
&circ;,Ë†,6
&zwnj;,â€Œ,6
&nldr;,â€¥,6
&leqq;,â‰¦,6
&ldsh;,â†²,6
&nleq;,â‰°,6
&ldca;,â¤¶,6
&lcub;,{,6
&nles;,â©½Ì¸,6
&late;,âª­,6
&nmid;,âˆ¤,6
&larr;,â†,6
&nopf;,ğ•Ÿ,6
&lang;,âŸ¨,6
&lHar;,â¥¢,6
&lArr;,â‡,6
&kscr;,ğ“€,6
&kopf;,ğ•œ,6
&kjcy;,Ñœ,6
&khcy;,Ñ…,6
&npar;,âˆ¦,6
&npre;,âª¯Ì¸,6
&jscr;,ğ’¿,6
&jopf;,ğ•›,6
&nsce;,âª°Ì¸,6
&iuml;,Ã¯,6
&nscr;,ğ“ƒ,6
&nsim;,â‰,6
&nsub;,âŠ„,6
&isin;,âˆˆ,6
&iscr;,ğ’¾,6
&nsup;,âŠ…,6
&lesg;,â‹šï¸€,6
&njcy;,Ñš,6
&iopf;,ğ•š,6
&ljcy;,Ñ™,6
&mscr;,ğ“‚,6
&mopf;,ğ•,6
&mldr;,â€¦,6
&mlcp;,â«›,6
&nLtv;,â‰ªÌ¸,6
&nang;,âˆ âƒ’,6
&micro,Âµ,6
&napE;,â©°Ì¸,6
&malt;,âœ ,6
&male;,â™‚,6
&macr;,Â¯,6
&nbsp;,Â ,6
&lvnE;,â‰¨ï¸€,6
&ltri;,â—ƒ,6
&ncap;,â©ƒ,6
&ltcc;,âª¦,6
&ncup;,â©‚,6
&lsqb;,[,6
&lsim;,â‰²,6
&ngeq;,â‰±,6
&nges;,â©¾Ì¸,6
&lscr;,ğ“,6
&ngtr;,â‰¯,6
&lpar;,(,6
&lozf;,â§«,6
&lopf;,ğ•,6
&lneq;,âª‡,6
&lnap;,âª‰,6
&nisd;,â‹º,6
&iota;,Î¹,6
&laquo,Â«,6
&nGtv;,â‰«Ì¸,6
&hArr;,â‡”,6
&oast;,âŠ›,6
&nvap;,â‰âƒ’,6
&iecy;,Ğµ,6
&imof;,âŠ·,6
&ocir;,âŠš,6
&iexcl,Â¡,6
&nvle;,â‰¤âƒ’,6
&hbar;,â„,6
&ocirc,Ã´,6
&harr;,â†”,6
&hscr;,ğ’½,6
&half;,Â½,6
&nvge;,â‰¥âƒ’,6
&odot;,âŠ™,6
&icirc,Ã®,6
&ogon;,Ë›,6
&nvlt;,<âƒ’,6
&iocy;,Ñ‘,6
&nvgt;,>âƒ’,6
&odiv;,â¨¸,6
&gvnE;,â‰©ï¸€,6
&ntlg;,â‰¸,6
&ntgl;,â‰¹,6
&hopf;,ğ•™,6
&Phi;,Î¦,5
&nfr;,ğ”«,5
&Psi;,Î¨,5
&QUOT,"""",5
&ngE;,â‰§Ì¸,5
&Auml,Ã„,5
&Ouml,Ã–,5
&yuml,Ã¿,5
&Pfr;,ğ”“,5
&Pcy;,ĞŸ,5
&ucy;,Ñƒ,5
&nge;,â‰±,5
&ufr;,ğ”²,5
&Ofr;,ğ”’,5
&Ocy;,Ğ,5
&ngt;,â‰¯,5
&Bcy;,Ğ‘,5
&Not;,â«¬,5
&ocy;,Ğ¾,5
&piv;,Ï–,5
&Qfr;,ğ””,5
&zcy;,Ğ·,5
&ncy;,Ğ½,5
&REG;,Â®,5
&nLl;,â‹˜Ì¸,5
&Tfr;,ğ”—,5
&Tcy;,Ğ¢,5
&Tau;,Î¤,5
&Tab;,"	",5
&top;,âŠ¤,5
&zwj;,â€,5
&prE;,âª³,5
&Sup;,â‹‘,5
&Sum;,âˆ‘,5
&Sub;,â‹,5
&nLt;,â‰ªâƒ’,5
&AMP;,&,5
&nap;,â‰‰,5
&Sfr;,ğ”–,5
&Scy;,Ğ¡,5
&Rsh;,â†±,5
&ogt;,â§,5
&nbsp,Â ,5
&Rho;,Î¡,5
&Acy;,Ğ,5
&zfr;,ğ”·,5
&Rfr;,â„œ,5
&Rcy;,Ğ ,5
&Afr;,ğ”„,5
&And;,â©“,5
&Ncy;,Ğ,5
&olt;,â§€,5
&ofr;,ğ”¬,5
&Nfr;,ğ”‘,5
&Eta;,Î—,5
&yfr;,ğ”¶,5
&ordf,Âª,5
&para,Â¶,5
&Icy;,Ğ˜,5
&Dcy;,Ğ”,5
&Del;,âˆ‡,5
&par;,âˆ¥,5
&Dfr;,ğ”‡,5
&not;,Â¬,5
&xfr;,ğ”µ,5
&ouml,Ã¶,5
&npr;,âŠ€,5
&Hfr;,â„Œ,5
&vcy;,Ğ²,5
&Hat;,^,5
&vee;,âˆ¨,5
&Dot;,Â¨,5
&ordm,Âº,5
&nsc;,âŠ,5
&Gfr;,ğ”Š,5
&ENG;,ÅŠ,5
&vfr;,ğ”³,5
&ETH;,Ã,5
&Gcy;,Ğ“,5
&num;,#,5
&Ecy;,Ğ­,5
&wfr;,ğ”´,5
&Ffr;,ğ”‰,5
&Efr;,ğ”ˆ,5
&Fcy;,Ğ¤,5
&orv;,â©›,5
&Ifr;,â„‘,5
&Int;,âˆ¬,5
&uml;,Â¨,5
&pre;,âª¯,5
&nis;,â‹¼,5
&yen;,Â¥,5
&Mfr;,ğ”,5
&Mcy;,Ğœ,5
&ycy;,Ñ‹,5
&Euml,Ã‹,5
&Bfr;,ğ”…,5
&Lsh;,â†°,5
&niv;,âˆ‹,5
&Lfr;,ğ”,5
&Lcy;,Ğ›,5
&phi;,Ï†,5
&pfr;,ğ”­,5
&nlE;,â‰¦Ì¸,5
&COPY,Â©,5
&Kfr;,ğ”,5
&Cap;,â‹’,5
&uuml,Ã¼,5
&Kcy;,Ğš,5
&nle;,â‰°,5
&pcy;,Ğ¿,5
&Cfr;,â„­,5
&Chi;,Î§,5
&Jfr;,ğ”,5
&Jcy;,Ğ™,5
&nlt;,â‰®,5
&Iuml,Ã,5
&Cup;,â‹“,5
&ord;,â©,5
&Map;,â¤…,5
&Vcy;,Ğ’,5
&nGt;,â‰«âƒ’,5
&div;,Ã·,5
&kfr;,ğ”¨,5
&smt;,âªª,5
&kcy;,Ğº,5
&dcy;,Ğ´,5
&deg;,Â°,5
&dfr;,ğ”¡,5
&die;,Â¨,5
&jfr;,ğ”§,5
&lgE;,âª‘,5
&dot;,Ë™,5
&jcy;,Ğ¹,5
&iuml,Ã¯,5
&rcy;,Ñ€,5
&sim;,âˆ¼,5
&shy;,Â­,5
&ecy;,Ñ,5
&sol;,/,5
&cup;,âˆª,5
&lEg;,âª‹,5
&copy,Â©,5
&sub;,âŠ‚,5
&lfr;,ğ”©,5
&les;,â©½,5
&leq;,â‰¤,5
&leg;,â‹š,5
&cap;,âˆ©,5
&lcy;,Ğ»,5
&cent,Â¢,5
&squ;,â–¡,5
&cfr;,ğ” ,5
&lat;,âª«,5
&chi;,Ï‡,5
&cir;,â—‹,5
&Ucy;,Ğ£,5
&lap;,âª…,5
&efr;,ğ”¢,5
&sfr;,ğ”°,5
&egs;,âª–,5
&rho;,Ï,5
&gap;,âª†,5
&gcy;,Ğ³,5
&gel;,â‹›,5
&geq;,â‰¥,5
&rsh;,â†±,5
&ges;,â©¾,5
&gfr;,ğ”¤,5
&ggg;,â‹™,5
&hfr;,ğ”¥,5
&glE;,âª’,5
&gla;,âª¥,5
&glj;,âª¤,5
&gnE;,â‰©,5
&gne;,âªˆ,5
&rlm;,â€,5
&gEl;,âªŒ,5
&icy;,Ğ¸,5
&ell;,â„“,5
&scE;,âª´,5
&els;,âª•,5
&eng;,Å‹,5
&sect,Â§,5
&int;,âˆ«,5
&reg;,Â®,5
&eta;,Î·,5
&scy;,Ñ,5
&eth;,Ã°,5
&euml,Ã«,5
&ifr;,ğ”¦,5
&iff;,â‡”,5
&rfr;,ğ”¯,5
&fcy;,Ñ„,5
&sce;,âª°,5
&ffr;,ğ”£,5
&bot;,âŠ¥,5
&ohm;,Î©,5
&bne;,=âƒ¥,5
&ang;,âˆ ,5
&sum;,âˆ‘,5
&lsh;,â†°,5
&sup1,Â¹,5
&mho;,â„§,5
&sup2,Â²,5
&tau;,Ï„,5
&amp;,&,5
&sup3,Â³,5
&Xfr;,ğ”›,5
&sup;,âŠƒ,5
&afr;,ğ”,5
&acy;,Ğ°,5
&qfr;,ğ”®,5
&mfr;,ğ”ª,5
&mcy;,Ğ¼,5
&acd;,âˆ¿,5
&map;,â†¦,5
&acE;,âˆ¾Ì³,5
&Ycy;,Ğ«,5
&Yfr;,ğ”œ,5
&macr,Â¯,5
&Zcy;,Ğ—,5
&psi;,Ïˆ,5
&Wfr;,ğ”š,5
&and;,âˆ§,5
&lrm;,â€,5
&Vee;,â‹,5
&Ufr;,ğ”˜,5
&bfr;,ğ”Ÿ,5
&nGg;,â‹™Ì¸,5
&lnE;,â‰¨,5
&bcy;,Ğ±,5
&Uuml,Ãœ,5
&lne;,âª‡,5
&auml,Ã¤,5
&tcy;,Ñ‚,5
&quot,"""",5
&ast;,*,5
&loz;,â—Š,5
&Vfr;,ğ”™,5
&mid;,âˆ£,5
&apE;,â©°,5
&ape;,â‰Š,5
&tfr;,ğ”±,5
&Zfr;,â„¨,5
&pm;,Â±,4
&REG,Â®,4
&lt;,<,4
&eth,Ã°,4
&gE;,â‰§,4
&AMP,&,4
&rx;,â„,4
&ge;,â‰¥,4
&DD;,â……,4
&Re;,â„œ,4
&mu;,Î¼,4
&Sc;,âª¼,4
&or;,âˆ¨,4
&gl;,â‰·,4
&pr;,â‰º,4
&mp;,âˆ“,4
&xi;,Î¾,4
&yen,Â¥,4
&Xi;,Î,4
&oS;,â“ˆ,4
&sc;,â‰»,4
&gg;,â‰«,4
&ic;,â£,4
&el;,âª™,4
&reg,Â®,4
&ii;,â…ˆ,4
&Gt;,â‰«,4
&deg,Â°,4
&dd;,â…†,4
&Nu;,Î,4
&ap;,â‰ˆ,4
&lE;,â‰¦,4
&Im;,â„‘,4
&uml,Â¨,4
&not,Â¬,4
&ni;,âˆ‹,4
&Mu;,Îœ,4
&pi;,Ï€,4
&Lt;,â‰ª,4
&le;,â‰¤,4
&ll;,â‰ª,4
&Ll;,â‹˜,4
&lg;,â‰¶,4
&Gg;,â‹™,4
&Or;,â©”,4
&amp,&,4
&nu;,Î½,4
&in;,âˆˆ,4
&ETH,Ã,4
&ne;,â‰ ,4
&ac;,âˆ¾,4
&wr;,â‰€,4
&wp;,â„˜,4
&GT;,>,4
&LT;,<,4
&Pr;,âª»,4
&eg;,âªš,4
&ee;,â…‡,4
&Pi;,Î ,4
&shy,Â­,4
&it;,â¢,4
&af;,â¡,4
&gt;,>,4
&gt,>,3
&lt,<,3
&GT,>,3
&LT,<,3
